{"IcoMoonType":"selection","icons":[{"icon":{"paths":["M713.143 73.143c90.857 0 164.571 73.714 164.571 164.571v548.571c0 90.857-73.714 164.571-164.571 164.571h-107.429v-340h113.714l17.143-132.571h-130.857v-84.571c0-38.286 10.286-64 65.714-64l69.714-0.571v-118.286c-12-1.714-53.714-5.143-101.714-5.143-101.143 0-170.857 61.714-170.857 174.857v97.714h-114.286v132.571h114.286v340h-304c-90.857 0-164.571-73.714-164.571-164.571v-548.571c0-90.857 73.714-164.571 164.571-164.571h548.571z"],"width":877.7142857142857,"attrs":[],"isMulticolor":false,"isMulticolor2":false,"tags":["facebook-square"],"defaultCode":61570,"grid":14},"attrs":[],"properties":{"name":"facebook-square","id":123,"order":21,"prevSize":28,"code":61570},"setIdx":0,"setId":1,"iconIdx":123},{"icon":{"paths":["M925.714 233.143c-25.143 36.571-56.571 69.143-92.571 95.429 0.571 8 0.571 16 0.571 24 0 244-185.714 525.143-525.143 525.143-104.571 0-201.714-30.286-283.429-82.857 14.857 1.714 29.143 2.286 44.571 2.286 86.286 0 165.714-29.143 229.143-78.857-81.143-1.714-149.143-54.857-172.571-128 11.429 1.714 22.857 2.857 34.857 2.857 16.571 0 33.143-2.286 48.571-6.286-84.571-17.143-148-91.429-148-181.143v-2.286c24.571 13.714 53.143 22.286 83.429 23.429-49.714-33.143-82.286-89.714-82.286-153.714 0-34.286 9.143-65.714 25.143-93.143 90.857 112 227.429 185.143 380.571 193.143-2.857-13.714-4.571-28-4.571-42.286 0-101.714 82.286-184.571 184.571-184.571 53.143 0 101.143 22.286 134.857 58.286 41.714-8 81.714-23.429 117.143-44.571-13.714 42.857-42.857 78.857-81.143 101.714 37.143-4 73.143-14.286 106.286-28.571z"],"width":950.8571428571428,"attrs":[],"isMulticolor":false,"isMulticolor2":false,"tags":["twitter"],"defaultCode":61593,"grid":14},"attrs":[],"properties":{"name":"twitter","id":145,"order":20,"prevSize":28,"code":61593},"setIdx":0,"setId":1,"iconIdx":145},{"icon":{"paths":["M438.857 73.143c242.286 0 438.857 196.571 438.857 438.857s-196.571 438.857-438.857 438.857-438.857-196.571-438.857-438.857 196.571-438.857 438.857-438.857zM658.286 543.429c11.429-6.286 18.286-18.286 18.286-31.429s-6.857-25.143-18.286-31.429l-310.857-182.857c-10.857-6.857-25.143-6.857-36.571-0.571-11.429 6.857-18.286 18.857-18.286 32v365.714c0 13.143 6.857 25.143 18.286 32 5.714 2.857 12 4.571 18.286 4.571s12.571-1.714 18.286-5.143z"],"width":877.7142857142857,"attrs":[],"isMulticolor":false,"isMulticolor2":false,"tags":["play-circle"],"defaultCode":61764,"grid":14},"attrs":[],"properties":{"name":"play-circle","id":290,"order":18,"prevSize":28,"code":61764},"setIdx":0,"setId":1,"iconIdx":290},{"icon":{"paths":["M585.143 512c0-80.571-65.714-146.286-146.286-146.286s-146.286 65.714-146.286 146.286 65.714 146.286 146.286 146.286 146.286-65.714 146.286-146.286zM664 512c0 124.571-100.571 225.143-225.143 225.143s-225.143-100.571-225.143-225.143 100.571-225.143 225.143-225.143 225.143 100.571 225.143 225.143zM725.714 277.714c0 29.143-23.429 52.571-52.571 52.571s-52.571-23.429-52.571-52.571 23.429-52.571 52.571-52.571 52.571 23.429 52.571 52.571zM438.857 152c-64 0-201.143-5.143-258.857 17.714-20 8-34.857 17.714-50.286 33.143s-25.143 30.286-33.143 50.286c-22.857 57.714-17.714 194.857-17.714 258.857s-5.143 201.143 17.714 258.857c8 20 17.714 34.857 33.143 50.286s30.286 25.143 50.286 33.143c57.714 22.857 194.857 17.714 258.857 17.714s201.143 5.143 258.857-17.714c20-8 34.857-17.714 50.286-33.143s25.143-30.286 33.143-50.286c22.857-57.714 17.714-194.857 17.714-258.857s5.143-201.143-17.714-258.857c-8-20-17.714-34.857-33.143-50.286s-30.286-25.143-50.286-33.143c-57.714-22.857-194.857-17.714-258.857-17.714zM877.714 512c0 60.571 0.571 120.571-2.857 181.143-3.429 70.286-19.429 132.571-70.857 184s-113.714 67.429-184 70.857c-60.571 3.429-120.571 2.857-181.143 2.857s-120.571 0.571-181.143-2.857c-70.286-3.429-132.571-19.429-184-70.857s-67.429-113.714-70.857-184c-3.429-60.571-2.857-120.571-2.857-181.143s-0.571-120.571 2.857-181.143c3.429-70.286 19.429-132.571 70.857-184s113.714-67.429 184-70.857c60.571-3.429 120.571-2.857 181.143-2.857s120.571-0.571 181.143 2.857c70.286 3.429 132.571 19.429 184 70.857s67.429 113.714 70.857 184c3.429 60.571 2.857 120.571 2.857 181.143z"],"width":877.7142857142857,"attrs":[],"isMulticolor":false,"isMulticolor2":false,"tags":["instagram"],"defaultCode":61805,"grid":14},"attrs":[],"properties":{"name":"instagram","id":329,"order":23,"prevSize":28,"code":61805},"setIdx":0,"setId":1,"iconIdx":329},{"icon":{"paths":["M644 691.429c0-16-6.286-22.286-17.143-29.143-73.714-44-159.429-65.714-255.429-65.714-56 0-109.714 7.429-164 19.429-13.143 2.857-24 11.429-24 29.714 0 14.286 10.857 28 28 28 5.143 0 14.286-2.857 21.143-4.571 44.571-9.143 91.429-15.429 138.857-15.429 84 0 163.429 20.571 226.857 58.857 6.857 4 11.429 6.286 18.857 6.286 14.286 0 26.857-11.429 26.857-27.429zM698.857 568.571c0-15.429-5.714-26.286-20-34.857-87.429-52-198.286-80.571-313.143-80.571-73.714 0-124 10.286-173.143 24-18.286 5.143-27.429 17.714-27.429 36.571s15.429 34.286 34.286 34.286c8 0 12.571-2.286 21.143-4.571 40-10.857 88-18.857 143.429-18.857 108.571 0 207.429 28.571 278.857 70.857 6.286 3.429 12.571 7.429 21.714 7.429 19.429 0 34.286-15.429 34.286-34.286zM760.571 426.857c0-21.143-9.143-32-22.857-40-98.857-57.714-234.286-84.571-363.429-84.571-76 0-145.714 8.571-208 26.857-16 4.571-30.857 18.286-30.857 42.286 0 23.429 17.714 41.714 41.143 41.714 8.571 0 16.571-2.857 22.857-4.571 55.429-15.429 115.429-21.143 175.429-21.143 118.857 0 242.286 26.286 321.714 73.714 8 4.571 13.714 6.857 22.857 6.857 21.714 0 41.143-17.143 41.143-41.143zM877.714 512c0 242.286-196.571 438.857-438.857 438.857s-438.857-196.571-438.857-438.857 196.571-438.857 438.857-438.857 438.857 196.571 438.857 438.857z"],"width":877.7142857142857,"attrs":[],"isMulticolor":false,"isMulticolor2":false,"tags":["spotify"],"defaultCode":61884,"grid":14},"attrs":[],"properties":{"name":"spotify","id":403,"order":19,"prevSize":28,"code":61884},"setIdx":0,"setId":1,"iconIdx":403},{"icon":{"paths":["M679.429 746.857l84-396c7.429-34.857-12.571-48.571-35.429-40l-493.714 190.286c-33.714 13.143-33.143 32-5.714 40.571l126.286 39.429 293.143-184.571c13.714-9.143 26.286-4 16 5.143l-237.143 214.286-9.143 130.286c13.143 0 18.857-5.714 25.714-12.571l61.714-59.429 128 94.286c23.429 13.143 40 6.286 46.286-21.714zM1024 512c0 282.857-229.143 512-512 512s-512-229.143-512-512 229.143-512 512-512 512 229.143 512 512z"],"width":1024,"attrs":[],"isMulticolor":false,"isMulticolor2":false,"tags":["telegram"],"defaultCode":62150,"grid":14},"attrs":[],"properties":{"name":"telegram","id":650,"order":22,"prevSize":28,"code":62150},"setIdx":0,"setId":1,"iconIdx":650},{"icon":{"paths":["M35.072 512h121.446v-10.496c5.53-227.021 190.669-409.395 418.253-409.395 231.168 0 418.509 188.006 418.509 419.891s-187.341 419.789-418.509 419.789c-97.178 0-186.624-33.28-257.69-88.986l71.987-77.005c52.019 38.298 116.224 61.082 185.702 61.082 173.363 0 313.907-141.005 313.907-314.88s-140.544-314.88-313.907-314.88c-169.83 0-308.122 135.322-313.6 304.384v10.496h136.806l-178.893 199.373-184.013-199.373z"],"attrs":[],"isMulticolor":false,"isMulticolor2":false,"tags":["ccw"],"grid":20},"attrs":[],"properties":{"id":124,"order":24,"prevSize":20,"code":59648,"name":"ccw"},"setIdx":1,"setId":0,"iconIdx":123},{"icon":{"paths":["M988.928 512h-121.446v-10.496c-5.53-227.021-190.669-409.395-418.253-409.395-231.168 0-418.509 188.006-418.509 419.891s187.341 419.789 418.509 419.789c97.178 0 186.624-33.28 257.69-88.986l-71.987-77.005c-52.019 38.298-116.224 61.082-185.702 61.082-173.363 0-313.907-141.005-313.907-314.88s140.544-314.88 313.907-314.88c169.83 0 308.122 135.322 313.6 304.384v10.496h-136.806l178.893 199.373 184.013-199.373z"],"attrs":[],"isMulticolor":false,"isMulticolor2":false,"tags":["cw"],"grid":20},"attrs":[],"properties":{"id":144,"order":25,"prevSize":20,"code":59649,"name":"cw"},"setIdx":1,"setId":0,"iconIdx":143}],"height":1024,"metadata":{"name":"icomoon"},"preferences":{"showGlyphs":true,"showQuickUse":true,"showQuickUse2":true,"showSVGs":true,